PatchID,XCOORD,YCOORD,ID,MID,FID,sex,age,size,mature,newmature,layeggs,capture,recapture,infection,CDist,Hindex,Species,ClassFile,SubPatchID,L0A0,L0A1,L1A0,L1A1
1,43.908878,-122.157688,E1_F1_m1f1_P1_Y4_UO5729,S1_F1_m1f10_P1_Y2_UO5430,I1_F1_m-1f-1_P1_Y-1_U132,FXX,11,0.0,1,0,1.0,0,0,0,-9999.0,0.6875,1,P0_CV0,1,2,0,2,0
4,45.1161817,-122.0584679,E4_F4_m4f7_P4_Y4_UO9003,S4_F4_m4f15_P4_Y2_UO7586,I7_F7_m-1f-1_P7_Y-1_U316,FXX,11,0.0,1,0,1.0,0,0,0,-9999.0,0.6875,1,P6_CV0,1,2,0,1,1
9,44.232,-122.202,E9_F9_m9f1_P9_Y4_UO11387,S9_F9_m9f13_P9_Y2_UO10038,I1_F1_m-1f-1_P1_Y-1_U132,FXX,11,0.0,1,0,1.0,0,0,0,-9999.0,0.6875,1,P0_CV0,1,2,0,2,0
10,44.097,-122.493,E10_F10_m10f1_P10_Y5_UO1906,S10_F10_m10f1_P10_Y3_UO1523,I1_F1_m-1f-1_P1_Y-1_U132,FXX,10,0.0,1,0,1.0,0,0,0,-9999.0,0.625,1,P0_CV0,2,2,0,1,1
