PatchID,XCOORD,YCOORD,ID,MID,FID,sex,age,size,mature,newmature,layeggs,capture,recapture,infection,CDist,Hindex,Species,ClassFile,SubPatchID,L0A0,L0A1,L1A0,L1A1
2,44.137204,-122.472929,I2_F2_m2f13_P2_Y11_UO1396,I2_F2_m2f12_P2_Y8_UO1665,I13_F13_m-1f-1_P13_Y-1_U40,FXX,34,0.0,1,0,1.0,0,0,0,-9999.0,0.84375,1,P12_CV0,2,2,0,1,1
2,44.137204,-122.472929,I2_F2_m2f13_P2_Y11_UO1445,I2_F2_m2f13_P2_Y8_UO1718,I13_F13_m-1f-1_P13_Y-1_U40,FXX,34,0.0,1,0,1.0,0,0,0,-9999.0,0.984375,1,P9_CV0,2,2,0,1,1
7,45.07,-121.964,I7_F7_m7f16_P7_Y6_UO3761,I7_F7_m7f12_P7_Y3_UO3075,I16_F16_m-1f-1_P16_Y-1_U211,FXX,39,0.0,1,0,1.0,0,0,0,-9999.0,0.5625,1,P15_CV0,1,2,0,2,0
8,44.087,-122.081,I8_F8_m8f12_P8_Y10_UO3836,S8_F8_m8f1_P8_Y8_UO4095,I12_F12_m-1f-1_P12_Y-1_U206,FXX,35,0.0,1,0,1.0,0,0,0,-9999.0,0.546875,1,P0_CV0,1,1,1,1,1
14,44.246,-122.307,I14_F14_m14f13_P14_Y10_UO6778,S14_F14_m14f3_P14_Y8_UO6735,I13_F13_m-1f-1_P13_Y-1_U40,FXX,35,0.0,1,0,1.0,0,0,0,-9999.0,0.78125,1,P2_CV0,1,2,0,1,1
