PatchID,XCOORD,YCOORD,ID,MID,FID,sex,age,size,mature,newmature,layeggs,capture,recapture,infection,CDist,Hindex,Species,ClassFile,SubPatchID,L0A0,L0A1,L1A0,L1A1
2,44.137204,-122.472929,E2_F2_m2f7_P2_Y4_UO3090,S2_F2_m2f4_P2_Y2_UO3513,I7_F7_m-1f-1_P7_Y-1_U277,FXX,11,0.0,1,0,1.0,0,0,0,-9999.0,0.625,1,P6_CV0,2,2,0,1,1
3,43.40887665,-122.52291,E3_F3_m3f10_P3_Y4_UO3345,S3_F3_m3f2_P3_Y2_UO3908,I10_F10_m-1f-1_P10_Y-1_U246,FXX,11,0.0,1,0,1.0,0,0,0,-9999.0,0.875,1,P9_CV0,1,2,0,1,1
6,43.987,-122.244,E6_F6_m6f11_P6_Y4_UO4732,S6_F6_m6f5_P6_Y2_UO4975,I11_F11_m-1f-1_P11_Y-1_U378,FXX,11,0.0,1,0,1.0,0,0,0,-9999.0,0.75,1,P4_CV0,1,2,0,1,1
8,44.087,-122.081,E8_F8_m8f15_P8_Y4_UO5539,S8_F8_m8f3_P8_Y2_UO5907,I15_F15_m-1f-1_P15_Y-1_U92,FXX,11,0.0,1,0,1.0,0,0,0,-9999.0,0.5,1,P14_CV0,1,1,1,0,2
9,44.232,-122.202,E9_F9_m9f11_P9_Y4_UO6183,S9_F9_m9f5_P9_Y2_UO6490,I11_F11_m-1f-1_P11_Y-1_U378,FXX,11,0.0,1,0,1.0,0,0,0,-9999.0,0.8125,1,P8_CV0,1,1,1,1,1
12,43.456,-122.761,E12_F12_m12f15_P12_Y4_UO7570,S12_F12_m12f6_P12_Y2_UO7793,I15_F15_m-1f-1_P15_Y-1_U140,FXX,11,0.0,1,0,1.0,0,0,0,-9999.0,0.75,1,P14_CV0,1,1,1,1,1
