PatchID,XCOORD,YCOORD,ID,MID,FID,sex,age,size,mature,newmature,layeggs,capture,recapture,infection,CDist,Hindex,Species,ClassFile,SubPatchID,L0A0,L0A1,L1A0,L1A1
1,43.908878,-122.157688,I1_F1_m1f8_P1_Y5_UO1926,S1_F1_m1f2_P1_Y3_UO1526,I8_F8_m-1f-1_P8_Y-1_U249,FXX,10,0.0,1,0,1.0,0,0,0,-9999.0,0.875,1,P7_CV0,1,2,0,1,1
3,43.40887665,-122.52291,I3_F3_m3f11_P3_Y2_UO6570,S3_F3_m3f6_P3_Y0_UO1299,I11_F11_m-1f-1_P11_Y-1_U425,FXX,13,0.0,1,0,1.0,0,0,0,-9999.0,0.625,1,P5_CV0,1,1,1,2,0
6,43.987,-122.244,I6_F6_m6f5_P6_Y4_UO8261,S6_F6_m6f14_P6_Y2_UO7805,I5_F5_m-1f-1_P5_Y-1_U387,FXX,11,0.0,1,0,1.0,0,0,0,-9999.0,0.6875,1,P4_CV0,1,1,1,2,0
6,43.987,-122.244,I6_F6_m6f5_P6_Y4_UO8423,S6_F6_m6f9_P6_Y2_UO7931,I5_F5_m-1f-1_P5_Y-1_U387,FXX,11,0.0,1,0,1.0,0,0,0,-9999.0,0.4375,1,P4_CV0,1,1,1,1,1
7,45.07,-121.964,I7_F7_m7f1_P7_Y4_UO8595,S7_F7_m7f15_P7_Y2_UO8157,I1_F1_m-1f-1_P1_Y-1_U153,FXX,11,0.0,1,0,1.0,0,0,0,-9999.0,0.875,1,P0_CV0,1,2,0,0,2
13,45.129,-121.965,I13_F13_m13f7_P13_Y3_UO5152,S13_F13_m13f11_P13_Y1_UO3414,I7_F7_m-1f-1_P7_Y-1_U273,FXX,12,0.0,1,0,1.0,0,0,0,-9999.0,0.75,1,P6_CV0,1,2,0,1,1
